Puesto	User 1	Nombre 1	Asistencia	User 2	Nombre 2	Asistencia
 **K201 01-M** 	 sebalinderman 	 Sebastian Linderman 	T	  	   	
 **K201 01-A/B** 	 Sebastiano7 	 Sebastian Mohr 	T	 saboetto 	 Sebastian Boetto 	T
 **K201 01-C/D** 	 mandrade1 	 Martin Andrade 	T	 jpzepedanunez 	 Juan Zepeda Nu単ez	T
 **K201 01-E/F** 	 baltagonzalez 	 Baltazar Gonzalez 	T	 inavarro1 	 Isidora Navarro 	T
 **K201 01-G/H** 	 isidorapalmap 	 Isidora Palma 	T	 cforyan 	 Cristobal O'Ryan 	T
 **K201 01-I/J** 	 pedrosantelices 	 Pedro Santelices 	T	 mavaldivia 	 Mauricio Valdivia 	T
 **K201 01-K/L** 	 GabrielaVeliz 	 Gabriela Veliz 	F	 idmdvan 	 Ivan Moreno 	T
 **K201 02-A/B** 	 lpcelleri 	 Loredanna Celleri 	F	 josefinabengoa 	 Josefina Bengoa 	F
 **K201 02-C/D** 	 vlrivas 	 Valentina Rivas 	T	 jtlafuente 	 Jose Lafuente 	T
 **K201 02-E/F** 	 patocourta 	 Patricio Court 	T	 pibriones 	 Pamela Briones 	T
 **K201 02-G/H** 	 Tamarainfante 	 Tamara Infante 	T	 ilpena 	 Ignacio Pe単a	T
 **K201 02-I/J** 	 nmorales1 	 Nicolas Morales 	T	 asweinstein 	 Andres Weinstein 	T
 **K201 02-K/L** 	 elzambon 	 Enzo Zambon 	T	 amelero 	 Agustin Melero 	T
 **K201 02-M/N** 	 Carlos0C 	 Carlos Cespedes 	T	 gaordonez 	 Gonzalo Ordo単ez 	T
 **K201 02-O/P** 	 mjgomez3 	 Maria Gomez 	T	 macamellado 	 Macarena Mellado 	T
 **K201 03-A/B** 	 isalvador95 	 I単aki Salvador 	T	 padelabarra 	 Pedro De La Barra 	T
 **K201 03-C/D** 	 juanmanuelmedina 	 Juan Medina 	T	 rtrucco 	 Rodrigo Trucco 	T
 **K201 03-E/F** 	 fxalvarez 	 Francisco Alvarez 	T	 oaleiva 	 Omar Leiva 	F
 **K201 03-G/H** 	 dlpesce 	 Dante Pesce 	T	 sitoro 	 Sebastian Toro 	T
 **K201 03-I/J** 	 mapuebla 	 Mauro Puebla 	T	 marcelodutilh 	 Marcelo Dutilh 	T
 **K201 03-K/L** 	 MaximoVillarinoSelman 	 Maximo Villarino 	T	 ndschnitzler 	 Natalia Schnitzler 	T
 **K201 03-M/N** 	 sgmigliaro 	 Sebastian Migliaro 	T	 diegosantelices 	 Diego Santelices 	T
 **K201 03-O/P** 	 cfcarmona 	 Constanza Carmona 	T	 jpcelery 	 Jean Celery 	T
 **K201 04-A/B** 	 cristianhojas 	 Cristian Hojas 	T	 tiramirez 	 Tomas Ramirez 	T
 **K201 04-C/D** 	 iichandia 	 Ivan Chandia 	T	 baespinoza 	 Benjamin Espinoza 	T
 **K201 04-E/F** 	 jflagos 	 Juan Lagos 	T	 macatalantalan 	 Macarena Catalan 	T
 **K201 04-G/H** 	 IgnacioInfanteRiba 	 Ignacio Infante 	T	 njara10 	 Nicolas Jara 	T
 **K201 04-I/J** 	 lfandrighetti 	 Laura Andrighetti 	T	 dsgomez7 	 Diego Gomez 	T
 **K201 04-K/L** 	 etebrito 	 Esteban Brito 	T	 GianfrancoSattui 	 Gianfranco Sattui 	T
 **K201 04-M/N** 	 vpcardenas 	 Valeria Cardenas 	T	 fomorales 	 Francisco Morales 	T		
